time,free_energy,elastic_energy,grad_energy,precip_area,a10
0.005,14.4126510129,3.08509921999,3.30174304239,1260.63156012,20.0049518426
5,14.167748135,3.04029379622,2.93763896946,1260.09344556,19.9607842614
10,14.1638283734,3.03938471355,2.90022395405,1260.9756038,19.9604005054
15,14.1598853944,3.04087981836,2.89225122356,1261.93449096,19.9622710171
20,14.1558570647,3.04296838203,2.89179776407,1262.89903005,19.9644186261
25,14.1519459449,3.04514554127,2.89334411773,1263.83425486,19.9663707574
30,14.1482032725,3.04727042112,2.89532315952,1264.73158003,19.9680476028
35,14.1446237751,3.04931177816,2.89728745262,1265.59236968,19.9694800549
40,14.1411887662,3.05127016451,2.8991228242,1266.42060025,19.9707204338
45,14.1378791354,3.05315408884,2.90081452427,1267.22039082,19.9718172122
50,14.1346784238,3.0549729393,2.90237544503,1267.99534025,19.9728097702
55,14.1315730683,3.05673510158,2.90382399438,1268.74844657,19.9737288015
60,14.1285519703,3.05844764539,2.90517757825,1269.48218401,19.9745979396
65,14.1256059943,3.06011644405,2.90645102637,1270.19860374,19.9754353531
70,14.1227275434,3.06174637949,2.90765654022,1270.89942201,19.9762550356
75,14.1199102287,3.06334153439,2.90880405382,1271.58608962,19.9770677896
80,14.1171486175,3.06490535013,2.90990165249,1272.25984524,19.9778819631
85,14.1144380428,3.06644075144,2.91095594543,1272.92175607,19.9787040015
90,14.1117744571,3.06795024365,2.91197237047,1273.57274917,19.9795388626
95,14.1091543207,3.06943598884,2.91295543511,1274.21363581,19.980390332
100,14.1065745143,3.07089986563,2.91390890487,1274.84513071,19.9812612644
105,14.1040322698,3.07234351673,2.91483594984,1275.46786734,19.9821537704
110,14.1015251165,3.07376838691,2.91573925881,1276.08241026,19.9830693625
115,14.0990508362,3.07517575371,2.9166211287,1276.68926518,19.9840090697
120,14.0966074281,3.07656675245,2.9174835349,1277.28888719,19.9849735297
125,14.0941930796,3.07794239668,2.91832818693,1277.8816876,19.9859630613
130,14.0918061414,3.07930359516,2.91915657299,1278.46803965,19.986977725
135,14.0894451082,3.08065116598,2.91996999561,1279.04828324,19.9880173703
140,14.0871086008,3.08198584835,2.92076960063,1279.62272902,19.9890816765
145,14.0847953524,3.08330831262,2.92155640081,1280.19166177,19.9901701847
150,14.0825041961,3.08461916867,2.92233129512,1280.75534339,19.9912823257
155,14.0802340543,3.08591897315,2.92309508481,1281.31401534,19.9924174429
160,14.0779839294,3.08720823564,2.92384848668,1281.86790088,19.993574811
165,14.0757528964,3.08848742396,2.92459214422,1282.41720689,19.9947536526
170,14.0735400957,3.08975696877,2.92532663695,1282.96212556,19.9959531519
175,14.0713447269,3.09101726752,2.92605248835,1283.50283578,19.9971724657
180,14.0691660441,3.09226868796,2.92677017259,1284.03950442,19.9984107338
185,14.0670033503,3.09351157114,2.92748012024,1284.57228743,19.9996670872
190,14.0648559939,3.0947462341,2.92818272319,1285.1013308,20.0009406548
195,14.0627233651,3.09597297218,2.92887833894,1285.62677144,20.0022305697
200,14.0606048918,3.09719206114,2.92956729419,1286.14873795,20.0035359742
205,14.0585000375,3.09840375892,2.9302498881,1286.66735132,20.0048560238
210,14.0564082981,3.09960830734,2.930926395,1287.1827255,20.006189891
215,14.0543291996,3.10080593347,2.93159706688,1287.694968,20.0075367684
220,14.0522622961,3.101996851,2.93226213547,1288.20418036,20.0088958707
225,14.0502071678,3.10318126134,2.9329218142,1288.7104586,20.0102664371
230,14.0481634188,3.10435935466,2.93357629979,1289.21389362,20.0116477327
235,14.0461306761,3.10553131085,2.93422577381,1289.7145716,20.0130390499
240,14.0441085878,3.10669730033,2.934870404,1290.21257426,20.0144397095
245,14.0420968217,3.10785748479,2.93551034542,1290.70797924,20.0158490611
250,14.040095064,3.10901201792,2.9361457416,1291.20086033,20.0172664836
255,14.0381030185,3.11016104597,2.93677672547,1291.69128774,20.0186913862
260,14.0361204051,3.11130470836,2.93740342026,1292.17932831,20.0201232077
265,14.0341469592,3.11244313812,2.93802594031,1292.66504575,20.0215614167
270,14.0321824307,3.11357646244,2.93864439184,1293.14850081,20.0230055119
275,14.0302265828,3.11470480299,2.93925887361,1293.62975147,20.0244550213
280,14.0282791918,3.11582827637,2.93986947755,1294.10885311,20.0259095023
285,14.026340046,3.11694699444,2.94047628936,1294.58585866,20.0273685406
290,14.0244089451,3.11806106461,2.94107938906,1295.06081871,20.0288317505
295,14.0224856995,3.11917059016,2.94167885148,1295.53378169,20.0302987737
300,14.02057013,3.12027567051,2.94227474671,1296.00479398,20.031769279
305,14.0186620666,3.12137640141,2.9428671406,1296.47389998,20.0332429612
310,14.0167613489,3.12247287522,2.94345609511,1296.94114227,20.0347195409
315,14.0148678246,3.12356518109,2.94404166873,1297.40656167,20.0361987632
320,14.0129813498,3.12465340513,2.94462391681,1297.87019736,20.0376803973
325,14.0111017881,3.12573763061,2.9452028919,1298.33208694,20.0391642354
330,14.0092290103,3.12681793808,2.94577864406,1298.79226654,20.040650092
335,14.0073628941,3.12789440554,2.94635122116,1299.25077086,20.0421378028
340,14.0055033236,3.12896710856,2.94692066912,1299.70763326,20.043627224
345,14.003650189,3.13003612042,2.94748703215,1300.16288583,20.0451182316
350,14.0018033861,3.13110151218,2.94805035299,1300.61655946,20.0466107199
355,13.9999628163,3.13216335281,2.94861067313,1301.06868385,20.0481046011
360,13.9981283857,3.1332217093,2.94916803294,1301.51928765,20.0495998042
365,13.9963000056,3.13427664669,2.9497224719,1301.96839842,20.0510962742
370,13.9944775914,3.13532822822,2.95027402868,1302.41604276,20.052593971
375,13.992661063,3.13637651533,2.95082274135,1302.86224631,20.0540928688
380,13.9908503441,3.1374215678,2.95136864743,1303.3070338,20.0555929547
385,13.9890453622,3.13846344376,2.95191178403,1303.7504291,20.0570942286
390,13.9872460482,3.13950219975,2.95245218793,1304.19245527,20.0585967016
395,13.9854523362,3.14053789082,2.95298989563,1304.63313458,20.0601003956
400,13.9836641635,3.14157057053,2.95352494345,1305.07248856,20.0616053424
405,13.9818814702,3.14260029101,2.95405736752,1305.51053802,20.0631115829
410,13.980104199,3.14362710303,2.95458720387,1305.9473031,20.0646191662
415,13.9783322952,3.144651056,2.95511448845,1306.38280328,20.0661281489
420,13.9765657063,3.14567219803,2.95563925709,1306.81705743,20.0676385947
425,13.9748043821,3.14669057599,2.95616154558,1307.25008384,20.0691505731
430,13.9730482744,3.14770623547,2.95668138962,1307.68190021,20.0706641593
435,13.9712973367,3.14871922092,2.95719882484,1308.11252372,20.0721794333
440,13.9695515245,3.14972957558,2.95771388676,1308.54197106,20.0736964792
445,13.9678107949,3.15073734158,2.95822661078,1308.97025838,20.0752153848
450,13.9660751063,3.15174255993,2.95873703216,1309.3974014,20.0767362411
455,13.9643444187,3.15274527055,2.959245186,1309.82341538,20.0782591415
460,13.9626186936,3.15374551234,2.95975110719,1310.24831515,20.0797841816
465,13.9608978933,3.15474332314,2.96025483038,1310.67211515,20.0813114586
470,13.9591819816,3.15573873981,2.96075638993,1311.09482942,20.0828410708
475,13.9574709232,3.15673179823,2.96125581992,1311.51647161,20.0843731175
480,13.9557646838,3.15772253333,2.96175315406,1311.93705505,20.0859076982
485,13.9540632301,3.15871097912,2.96224842566,1312.35659271,20.0874449128
490,13.9523665297,3.15969716869,2.96274166762,1312.77509723,20.0889848606
495,13.9506745507,3.16068113426,2.96323291238,1313.19258095,20.0905276408
500,13.9489872624,3.16166290721,2.96372219186,1313.60905592,20.0920733516
